	word	n_samples	wordnet_polysemy	bert_polysemy	surprisal	s_samples	in_vocab	unigram
0	about	141	-1	656.0470404872804	0.8957410161036681	141	1.0	12.63998415950293
1	adj	354	-1	123.27394512196389	0.15857058506732608	354	1.0	11.324122065314922
2	adv	149	-1	122.19296011899371	0.15532187840295017	149	1.0	12.571036805785441
3	after	123	-1	652.4236873934974	0.17016975164775003	123	1.0	12.811170809509155
4	agbegbe	380	-1	-81.79420819046186	4.356120455265045	230	1.0	11.935669351627041
5	agbara	127	-1	-56.65812218192075	1.0227319502572374	127	1.0	12.799855496281321
6	agbára	145	-1	-148.14208217142948	7.169250850019784	145	1.0	12.580686975819159
7	agbègbè	199	-1	-221.94252904015383	6.6806968947750835	199	1.0	12.148803805102393
8	agbelebu	123	-1	-266.09763677329545	0.7786697725333819	123	1.0	12.834071211619234
9	akoko	184	-1	96.69387934672874	0.5809324004930323	184	1.0	12.26847403576501
10	all	128	-1	635.5161543197545	0.38940492850478464	205	1.0	12.113354969098102
11	also	198	-1	626.3527493582233	1.1602600634173312	198	1.0	12.155999306506596
12	and	3304	-1	601.7739971159076	0.046892223619978184	3304	1.0	8.103322582203022
13	an	553	-1	682.7446885874078	0.1746395778215775	553	1.0	10.619946406266386
14	apá	158	-1	45.74638502578409	4.814977734903746	158	1.0	12.477927401393957
15	apa	110	-1	266.7139223478631	1.007674768770283	110	1.0	12.992500574223717
16	are	427	-1	654.8115875943596	0.7131710392564744	427	1.0	11.055021658781776
17	ara	1286	-1	203.73640571725613	0.01001810599572681	1286	1.0	9.44891631473489
18	ará	391	-1	47.5638453393594	0.7303572917342795	391	1.0	11.181469994022715
19	as	748	-1	700.381338306276	0.23344898624747198	748	1.0	10.228102852777775
20	ati	2519	-1	196.8967735918787	0.029871531262865427	2519	1.0	8.47567494966258
21	at	490	-1	666.7270496757445	0.25237158317563163	490	1.0	10.854411659903409
22	awon	1213	-1	200.3980742421378	0.01950757215994522	1788	1.0	8.985273030375044
23	awọn	629	-1	60.66124372935594	0.10634922147147037	1904	1.0	8.8877146399856
24	ayé	344	-1	18.250630718259654	5.632216432066851	344	1.0	11.276293540224309
25	aye	114	-1	-8.934780881604631	7.715831831881874	114	1.0	12.917212446919478
26	ayẹyẹ	110	-1	-160.58184309287202	4.317664471539584	110	1.0	13.005439629931216
27	baba	229	-1	166.0762329548153	4.273153438318245	229	1.0	11.923338549716322
28	ba	517	-1	279.3485990373228	0.11172886848980218	517	1.0	10.76918836003438
29	be	623	-1	651.8582023582085	0.1883844539190883	623	1.0	10.505234747389693
30	been	114	-1	673.3521664156069	1.7949985128484274	114	1.0	12.954365445336945
31	bi	1183	-1	337.5422058201602	0.03430872337623398	1183	1.0	9.57464805933782
32	bii	103	-1	120.8638273780077	7.625772730818072	103	1.0	13.085609978615198
33	bo	180	-1	295.13966255245555	0.2316915669465541	180	1.0	12.292060856082626
34	but	165	-1	620.7804136384682	0.7792005354707892	165	1.0	12.407538073502561
35	by	726	-1	645.2876649236727	0.03942794568486962	726	1.0	10.278255056557594
36	bàbá	201	-1	83.0280791899142	0.18156284618826202	201	1.0	12.113354969098102
37	bá	1768	-1	267.4497782923827	0.006961483481903157	1768	1.0	8.979676533866133
38	báyìí	142	-1	-50.487175060265464	1.737867586839367	142	1.0	12.59040213065237
39	bí	700	-1	414.99614810838597	0.016589565626382582	2035	1.0	8.770568269313076
40	bíi	474	-1	148.34335545266885	1.697933978672269	474	1.0	10.880992259006726
41	dara	138	-1	42.33475850563434	4.584475612294847	138	1.0	12.670572479336354
42	da	294	-1	488.96098466715534	0.6918745448006647	294	1.0	11.575853822083214
43	de	675	-1	647.3710662526872	0.1912540676927138	675	1.0	10.38622756725715
44	di	1401	-1	352.1874427629119	0.036446522681549874	1401	1.0	9.331231453363303
45	do	111	-1	659.8798788907909	0.6201188972467339	111	1.0	12.966965482116578
46	dára	238	-1	62.44382576689967	2.5283607910661137	238	1.0	11.880992259006726
47	dá	530	-1	215.56348196606172	0.14462010991882604	530	1.0	10.720370712454505
48	dé	472	-1	216.28913301002103	0.07048716478996123	472	1.0	10.895973650545141
49	dó	148	-1	168.54098358102667	0.2799882240266212	148	1.0	12.54246765358867
50	dúró	250	-1	-52.17618035797891	4.7728202352523805	250	1.0	11.788628240858067
51	ede	704	-1	339.24617952482214	0.0363844101494289	704	1.0	10.332249946198324
52	egbe	161	-1	-46.9932782032302	2.729680695889159	161	1.0	12.460005493396695
53	eko	152	-1	116.13178231747239	5.880278232656879	162	1.0	12.442303491663237
54	eniyan	334	-1	36.45721974406513	0.11755890431231819	334	1.0	11.394714033144977
55	eni	212	-1	171.19947374861678	0.14742299468906703	212	1.0	12.065145876055483
56	eré	352	-1	66.36396350432281	3.2398431086066095	352	1.0	11.328180281889276
57	ere	120	-1	207.57553035215406	1.4597277324646711	120	1.0	12.880992259006726
58	est	188	-1	-986.9433686306123	0.11457056222710155	188	1.0	12.237613072060249
59	eto	191	-1	45.664200803650125	4.35357609718882	191	1.0	12.214892995560167
60	ewé	103	-1	-40.56104745731536	3.292033607519946	103	1.0	13.071935041718122
61	eyi	273	-1	106.12484480539356	1.3160468892845916	273	1.0	11.6965676878693
62	eye	106	-1	305.9821877499273	2.8506223601552674	106	1.0	12.929490776697918
63	fa	320	-1	198.18681840936588	0.08093704738421366	320	1.0	11.464465141587397
64	fi	2553	-1	254.19704004324586	0.005045040267584754	2553	1.0	8.453895899877208
65	first	192	-1	555.1853415539023	1.768627558161433	195	1.0	12.163230875737673
66	for	1035	-1	667.6776354654222	0.008608361452979147	1035	1.0	9.78026476792344
67	from	689	-1	684.9917569066881	0.1262593772592657	689	1.0	10.363143954144107
68	fun	1222	-1	215.61646416891045	0.07175144630455536	1222	1.0	9.52722571130495
69	fà	115	-1	229.81599163345518	2.2898515157077624	115	1.0	12.905037732973376
70	fìdí	152	-1	-250.26863025710725	2.976076915860176	152	1.0	12.424816064934397
71	fí	112	-1	90.66000131745412	6.810394559587751	112	1.0	12.979676533866133
72	fíìmù	121	-1	-230.10848266394862	8.069014832993185	121	1.0	12.788628240858067
73	fún	118	-1	97.71728181088143	0.7377258596839631	2825	1.0	8.304500104045339
74	gan	164	-1	134.3658240423054	0.1538558567919564	164	1.0	12.398976059999136
75	gba	1024	-1	111.92806017003116	0.5399718140033656	1024	1.0	9.78026476792344
76	gbà	393	-1	94.51347449105006	0.9326024447916118	393	1.0	11.155999306506596
77	gbólóhùn	215	-1	-229.01446723645142	4.729459408826607	215	1.0	12.044967994117853
78	gboyè	118	-1	-147.72191613876223	4.1591122200933555	118	1.0	12.869118158718434
79	gbogbo	326	-1	1.6405108923646956	0.060000885000561305	992	1.0	9.821145037174963
80	gbé	692	-1	-10.664764649458307	0.2509282775293239	692	1.0	10.328180281889278
81	gbe	217	-1	11.411445975744494	0.9730161210084292	217	1.0	12.025068436680147
82	gege	118	-1	-22.400158373887123	0.723578724315611	118	1.0	12.892964900672803
83	gidi	123	-1	58.353967410279196	1.2489964374136635	123	1.0	12.822575572781405
84	giga	115	-1	11.871783587541184	1.7303010080171668	115	1.0	12.929490776697918
85	gíga	172	-1	-163.2520069357662	2.2142722814582116	172	1.0	12.348644384448992
86	have	197	-1	694.0140707108555	0.23480487250850587	197	1.0	12.17049887620171
87	has	272	-1	623.7490357112267	0.481584259236971	272	1.0	11.686113330232132
88	had	144	-1	654.3526859240847	1.6159459251082606	144	1.0	12.619946406266388
89	he	396	-1	528.4702009505093	0.9529659996530221	186	1.0	12.19252518253171
90	her	208	-1	622.3456024852445	1.887518397353303	208	1.0	12.09249636420044
91	his	431	-1	678.1605046064379	0.36286628032276047	431	1.0	11.025068436680147
92	him	153	-1	512.0128952746979	4.401086934251723	153	1.0	12.514453277419072
93	hàn	211	-1	92.8994501802521	1.292709946491142	211	1.0	12.058388509880174
94	ibi	608	-1	179.85570141446945	0.13081047882243232	608	1.0	10.526059897067055
95	ibè	135	-1	-99.39223765735602	7.268971573864972	135	1.0	12.71239265503098
96	ifá	104	-1	-29.39512304180324	6.259194029439794	101	1.0	13.113354969098104
97	igi	190	-1	-14.11230749416763	3.3747825848428827	190	1.0	12.214892995560167
98	igba	226	-1	25.178113544359775	7.952017868514609	226	1.0	11.973307008990405
99	ii	137	-1	598.736018699773	0.10098612786517763	147	1.0	12.551927982837736
100	ijoba	200	-1	137.43722900850813	0.39490480843955783	153	1.0	12.523731091007084
101	ijọba	147	-1	-209.42154767751626	2.163079929595091	147	1.0	12.580686975819159
102	ikú	104	-1	-44.99205147233722	2.7457855068720303	104	1.0	13.071935041718122
103	ilé	532	-1	130.5140400493798	0.8750613044576915	1629	1.0	9.108111977110045
104	ilu	377	-1	119.38104941378407	4.048200669592192	377	1.0	11.214892995560165
105	ile	426	-1	348.4354156749247	0.05725558893656985	853	1.0	10.056704102168823
106	ilè	118	-1	93.60492769228816	6.240108162669812	118	1.0	12.892964900672803
107	in	481	-1	657.4034581750221	0.0383316850815351	3144	1.0	8.170498876201712
108	inú	368	-1	5.769358003992737	2.032707410986009	368	1.0	11.229999887950374
109	into	183	-1	684.1541152691971	0.17744218065820716	183	1.0	12.276293540224309
110	inu	134	-1	2.5130087412015256	3.0672085125054886	134	1.0	12.71239265503098
111	ipò	173	-1	-0.7317012129758023	1.0775459848904196	173	1.0	12.348644384448992
112	ipinle	179	-1	63.08935064914393	4.612250179756344	127	1.0	12.777487683252867
113	ipa	142	-1	60.26192795794009	5.079620836486279	142	1.0	12.600183151444957
114	ipo	127	-1	-0.44727831344133134	2.357374906305253	127	1.0	12.799855496281321
115	irú	176	-1	6.831156377206359	2.4833349280736665	176	1.0	12.300009609198115
116	is	1376	-1	686.3975532008733	0.17843553836115292	1376	1.0	9.366270055130826
117	ise	260	-1	185.96387134474278	0.7365924100749768	260	1.0	11.760936506989019
118	isé	131	-1	-1.3395697067165715	7.039601737306318	131	1.0	12.744573060780132
119	its	178	-1	668.9165437201476	0.6310886560907859	178	1.0	12.316039719017066
120	it	233	-1	640.5286924377043	0.6758115059699152	309	1.0	11.500647477894042
121	itan	102	-1	42.47793580302104	6.157797495524089	102	1.0	13.113354969098104
122	iwe	284	-1	66.18900708326687	0.7779024376625746	284	1.0	11.639984159502934
123	iye	159	-1	108.30337576751364	0.9220432786742846	375	1.0	11.241434783012656
124	iṣẹ	171	-1	-85.820445711747	3.709093791699549	171	1.0	12.373590741579221
125	jade	111	-1	62.00411339371086	2.931691445745863	111	1.0	12.966965482116578
126	je	1510	-1	391.5107695062822	0.043897441302582565	1510	1.0	9.230949341779239
127	ju	418	-1	231.30158855038033	0.02900037213627463	418	1.0	11.075341643161371
128	jáde	320	-1	39.02363390479391	0.6558403788367286	320	1.0	11.464465141587397
129	jé	436	-1	146.90867975491776	1.1624440048060833	436	1.0	11.028366026780722
130	jùlọ	302	-1	-240.83904070438012	6.512599302443448	302	1.0	11.537760650911142
131	jù	215	-1	-12.662316089786533	2.128587417547093	215	1.0	12.031671171504396
132	jẹ	955	-1	81.70304362621421	0.7629360727965832	955	1.0	9.88696616005136
133	jọ	159	-1	84.15354227891432	5.7386928174480705	159	1.0	12.477927401393957
134	kan	2556	-1	251.88507412122055	0.007396468792052736	2556	1.0	8.447812070485888
135	ka	125	-1	284.3821622981	0.7003263618052006	125	1.0	12.755461376922868
136	kankan	123	-1	-32.612293749398205	5.592215720230971	123	1.0	12.834071211619234
137	kejì	217	-1	-88.05187245894028	4.440281542764831	217	1.0	11.986074305064284
138	ki	498	-1	341.89546145730134	0.011935352426044266	498	1.0	10.825440906475793
139	kiri	107	-1	98.06267006143293	0.8772255219258019	107	1.0	13.044967994117853
140	ko	887	-1	248.96908456886092	0.1305014625297473	887	1.0	9.99089132136206
141	ku	118	-1	192.64610102434096	0.41162969784463865	118	1.0	12.892964900672803
142	kàn	136	-1	85.84947165138068	2.394058856017449	136	1.0	12.680914423557812
143	ká	155	-1	170.05033010881982	4.116752670657251	155	1.0	12.486972540996966
144	káàkiri	109	-1	-260.4403755794411	7.743281605046824	109	1.0	13.005439629931216
145	kéde	123	-1	-151.25033119836874	3.143814709128403	123	1.0	12.822575572781405
146	kì	202	-1	235.27047699750946	0.13720558824512985	202	1.0	12.09941577814023
147	kìí	128	-1	33.250045072219336	4.823180340230465	128	1.0	12.744573060780132
148	kí	1457	-1	115.80022094131445	2.3335570937755095	1457	1.0	9.268474035765008
149	kò	480	-1	316.9703722825385	0.011103049714561473	1531	1.0	9.18698699899028
150	kòkòrò	193	-1	-165.08164122597978	5.577018722969016	193	1.0	12.185145652166113
151	kópa	176	-1	-97.38440082129593	2.1132720573381945	176	1.0	12.324122065314924
152	kókó	105	-1	-60.63007494106457	5.937994130452474	105	1.0	13.071935041718122
153	kó	494	-1	97.00677069935327	1.6015700915685067	494	1.0	10.831188703086113
154	kù	133	-1	15.60456264355966	2.607253106465017	133	1.0	12.701823413320794
155	kúrò	223	-1	-64.0802671272386	3.6056396913100786	223	1.0	11.960651708184376
156	kún	112	-1	66.1508115926379	3.619363453771387	112	1.0	12.917212446919478
157	kú	252	-1	32.559316684485296	3.6382879326267847	252	1.0	11.771949499711436
158	kẹta	253	-1	-53.86217470552574	2.3866441393558215	253	1.0	11.794230947087442
159	kẹrin	175	-1	-77.9530653956061	0.9924839810814177	175	1.0	12.332249946198324
160	kọ	380	-1	43.92616911858864	3.1425451805717066	380	1.0	11.214892995560165
161	language	409	-1	309.1628490679329	0.16676365866605874	409	1.0	11.06176323666083
162	lati	1349	-1	208.4231338101929	0.021678676998526956	1349	1.0	9.393650490862468
163	laarin	158	-1	-28.53781250628737	0.45207153610837986	158	1.0	12.486972540996966
164	la	266	-1	624.9813667452806	0.48396975973172857	266	1.0	11.739159564593766
165	languages	102	-1	289.3122669348261	2.6192234295840358	102	0.0	13.085609978615198
166	le	754	-1	338.0499052777928	0.05823763644569296	754	1.0	10.214892995560165
167	leyin	121	-1	110.95230679473731	1.9988623709718059	121	1.0	12.857340990942081
168	lo	1228	-1	298.1895509448895	0.028780834712741996	1228	1.0	9.524895024140719
169	lori	373	-1	51.88624888660675	1.4267575225465738	373	1.0	11.245266644603683
170	láti	101	-1	46.557672719834635	0.05454290963274684	2329	1.0	8.586143698175649
171	lára	180	-1	112.76034119875361	0.40852822554076	504	1.0	10.808333650205626
172	láàrin	172	-1	-46.429928074441314	3.9985062930473063	172	1.0	12.316039719017066
173	láyé	118	-1	-13.807682643403584	5.58541736158274	118	1.0	12.880992259006726
174	láàrín	120	-1	-97.25552354317023	8.044767673810323	120	1.0	12.845659185894446
175	lè	1040	-1	68.36322739981192	0.4064310027134175	1040	1.0	9.741863773522144
176	lé	294	-1	136.63581206571294	3.7742440359933034	294	1.0	11.566235819521618
177	lò	224	-1	65.98713780839364	3.0427210067531894	224	1.0	11.966965482116578
178	lórí	675	-1	-51.69055460883656	4.326622870056718	675	1.0	10.373590741579223
179	ló	903	-1	118.45711214782601	0.561942147121972	903	1.0	9.954365445336945
180	lójú	125	-1	-56.77684135773448	6.38957500076294	125	1.0	12.799855496281321
181	lọ	1281	-1	109.62510407105225	0.685669484557722	1281	1.0	9.44670867078324
182	ma	514	-1	293.1377349255187	0.18681824419905427	514	1.0	10.777487683252867
183	made	104	-1	629.3601374492354	1.0463786327208464	104	1.0	13.085609978615198
184	maa	338	-1	224.0386410729424	0.04011550262679219	338	1.0	11.394714033144977
185	meji	173	-1	94.7116505355667	0.8861897597250911	173	1.0	11.948106454865265
186	me	170	-1	557.6352511739018	0.22887125366439304	170	1.0	12.348644384448992
187	million	1101	-1	187.15601282011704	0.024500827379827114	1101	1.0	9.642508560918479
188	mi	796	-1	443.55270808305437	0.05015452436424339	796	1.0	10.148803805102393
189	miran	124	-1	7.392120726452584	6.640566399020534	124	1.0	12.811170809509155
190	miiran	103	-1	-213.97217719229621	2.9482405492402974	103	1.0	13.071935041718122
191	mo	478	-1	318.5999730696989	0.10044148056576728	743	1.0	10.241434783012657
192	more	121	-1	653.7478983309527	1.238140643859082	121	1.0	12.822575572781405
193	most	103	-1	657.4005230003985	1.4549711222932176	103	1.0	13.09941577814023
194	mu	350	-1	223.00433181590475	0.4685545112990907	350	1.0	11.332249946198324
195	máa	1404	-1	57.769979959196	0.41053405048808567	1404	1.0	9.31201546245827
196	má	415	-1	307.6401199209204	0.025617285115705348	415	1.0	11.078756307574137
197	méjì	436	-1	-60.311650440320854	4.375225829421927	436	1.0	10.842753454719036
198	mìíràn	353	-1	-162.2970658750412	6.9976470639280155	353	1.0	11.30400046939415
199	míràn	143	-1	-160.1773445169707	5.791096800690764	143	1.0	12.610030937401305
200	mí	117	-1	342.8622495348388	0.1776986503854203	117	1.0	12.892964900672803
201	mó	137	-1	188.5485422345122	0.8665361846015401	137	1.0	12.691331039503151
202	mú	643	-1	26.092084540972145	1.997654440382591	643	1.0	10.457780828282182
203	mọ	379	-1	48.25649541563929	3.404145722024359	379	1.0	11.218654914356364
204	national	127	-1	505.0584817498672	2.013846336493214	103	1.0	13.09941577814023
205	naa	421	-1	86.80505405070032	3.026008328462723	421	1.0	11.068536465256257
206	na	369	-1	379.5105303143822	0.27193747740238905	369	1.0	11.268474035765008
207	new	130	-1	577.1253468448494	0.4505896203616565	108	1.0	13.031671171504396
208	ni	1396	-1	414.3477209038407	0.00668040891177933	12768	1.0	6.0268193428879275
209	ninu	919	-1	168.49466918470696	0.012131129018089902	919	1.0	9.941874501153748
210	nipa	271	-1	-4.156558897022876	0.7430413719301019	271	1.0	11.701823413320794
211	nitori	124	-1	4.852604988609212	1.745581012820044	124	1.0	12.834071211619234
212	nipasẹ	138	-1	-227.53088428725167	3.870963108712348	138	1.0	12.660304143882529
213	nigba	171	-1	-42.92528776718539	6.079709253813091	171	1.0	12.373590741579221
214	nkan	162	-1	-23.701815781258667	3.180116148274622	162	1.0	12.433533282035505
215	not	271	-1	638.8709909649089	0.350322594035355	271	1.0	11.6965676878693
216	no	125	-1	643.5639944511337	0.9024667187407612	125	1.0	12.822575572781405
217	náà	3397	-1	209.8747589658544	0.005573420040419576	3397	1.0	8.052921359909023
218	nìyí	134	-1	-155.495319815094	4.628200933114806	134	1.0	12.72303989923049
219	nì	154	-1	45.79632616099414	1.934833944617928	154	1.0	12.514453277419072
220	nìkan	108	-1	-164.2845889878518	5.736122334444964	108	1.0	12.979676533866133
221	ní	2074	-1	412.79618311030265	0.0019796376612064826	8505	1.0	6.722872930300161
222	nínú	269	-1	181.8233729450629	0.03225252779455837	1814	1.0	8.955934444992286
223	nípa	701	-1	32.43683929698885	0.18054629144353126	701	1.0	10.318056064615568
224	níbi	224	-1	101.42112148952121	2.4895759584116086	224	1.0	11.960651708184376
225	nígbà	408	-1	17.47540450927905	3.1758746806463583	652	1.0	10.426990436168733
226	nítorí	311	-1	-129.35219436928205	5.844295511675035	311	1.0	11.442303491663237
227	nǹkan	179	-1	-180.8600082060934	2.303492378922148	179	1.0	12.300009609198115
228	obìnrin	249	-1	-146.65007471405318	3.8058263623570823	249	1.0	11.822575572781403
229	odun	390	-1	130.5966085539086	1.076153822338734	390	1.0	11.181469994022715
230	odò	115	-1	21.821212653969674	5.233963045866593	115	1.0	12.941874501153748
231	of	6533	-1	716.717171610684	0.008770308948866958	6533	1.0	7.1179582694950865
232	official	147	-1	446.2209453325428	1.5747418067292542	141	1.0	12.580686975819159
233	ofin	148	-1	-37.16375137714111	2.1215362842824006	148	1.0	12.571036805785441
234	ogun	260	-1	148.8791595985025	1.84895140990972	459	1.0	10.929490776697916
235	ohun	162	-1	2.8783984679283545	0.030257423055696814	999	1.0	9.799855496281321
236	ojú	433	-1	-21.53724358801758	0.5805495374300463	433	1.0	11.025068436680147
237	ojo	143	-1	151.1913388953172	0.7173748442290963	143	1.0	12.26847403576501
238	oko	216	-1	191.5782976222343	1.6325585019809228	216	1.0	12.031671171504396
239	olórí	209	-1	-137.73446267576648	7.163388881957132	209	1.0	12.051662646691861
240	olórin	197	-1	-49.066037078705584	2.246590621882889	197	1.0	12.155999306506596
241	ológun	118	-1	-146.29226378574285	6.166074352749323	118	1.0	12.834071211619234
242	omo	246	-1	210.0258643892965	2.1689800539259183	590	1.0	10.587967201735317
243	omi	398	-1	68.44989586619035	2.1994990585137852	398	1.0	11.138077398509335
244	one	201	-1	663.8003186519571	0.7187661676301589	201	1.0	12.134519579096144
245	on	851	-1	699.6782618960668	0.3116325502844898	851	1.0	10.051662646691861
246	only	101	-1	623.1053967921945	3.436606457917997	101	1.0	13.113354969098104
247	orúkọ	382	-1	-133.08653028008416	3.4825504344171256	382	1.0	11.211140860699057
248	or	443	-1	520.4589573646796	0.14569472591891994	443	1.0	10.992500574223717
249	orin	540	-1	19.471771596609642	1.3413094363002867	540	1.0	10.71504710847696
250	orile	346	-1	133.03873858129904	0.003070225525539566	346	1.0	11.36106364370306
251	orí	417	-1	33.66382050925425	4.8836887528856305	417	1.0	11.078756307574137
252	ori	123	-1	118.3869645080272	0.6008970696569943	123	1.0	12.834071211619234
253	oruko	110	-1	76.15072123206917	6.054087448120117	110	1.0	13.005439629931216
254	orúko	143	-1	-164.12709533477377	4.682853840447806	143	1.0	12.610030937401305
255	other	152	-1	647.5447914259331	2.490104477754549	152	1.0	12.54246765358867
256	out	134	-1	679.4877129739651	0.19775347480786715	134	1.0	12.71239265503098
257	oun	133	-1	69.93853662948382	5.153810002750024	133	1.0	12.72303989923049
258	over	103	-1	638.3144044032813	0.5817739162051562	103	1.0	13.085609978615198
259	owó	330	-1	-28.214551871025918	3.9693750208074396	330	1.0	11.420477129210058
260	owo	155	-1	-36.63694619801013	3.522202440231077	155	1.0	12.514453277419072
261	oyè	163	-1	-40.320434643798365	5.265370385047117	163	1.0	12.424816064934397
262	oòrùn	120	-1	-183.64643010631593	8.123129638036092	120	1.0	12.834071211619234
263	oṣù	344	-1	119.63455793581613	0.4543328651837812	889	1.0	9.974896755752798
264	padà	275	-1	2.18495234855841	4.234359779791398	275	1.0	11.650108376776638
265	pa	549	-1	324.6239685929526	0.44162629990209107	549	1.0	10.675734184452134
266	pataki	146	-1	-59.057300237888384	0.8350632857684404	146	1.0	12.571036805785441
267	pe	1017	-1	230.74541967833002	0.05022166519657152	1017	1.0	9.784440443894633
268	pelu	339	-1	129.32840261173797	1.0764243672203526	339	1.0	11.382002981395424
269	people	107	-1	512.7792075393595	1.3055397632801644	107	1.0	13.005439629931216
270	pàtàkì	358	-1	-219.62015873261433	2.5744507472608342	358	1.0	11.308002399951647
271	pàápàá	118	-1	-191.57967871470512	10.616990638991533	118	1.0	12.892964900672803
272	pè	517	-1	62.570376438557695	2.442396012104226	517	1.0	10.760936506989019
273	pèlú	133	-1	-103.89483003691578	6.177064974505202	133	1.0	12.733766305823549
274	pé	2035	-1	338.6254694727621	0.002648588017592671	2035	1.0	8.782351095171906
275	pín	151	-1	-50.3103737345963	0.7780795320868492	151	1.0	12.551927982837736
276	pẹlu	313	-1	-153.52129751703706	0.7932285455326302	313	1.0	11.482442882516452
277	ran	105	-1	278.44087733899767	2.6858106718176886	105	1.0	13.044967994117853
278	ra	167	-1	259.93024845649944	0.10417209461074836	167	1.0	12.398976059999136
279	re	798	-1	230.32132103830938	0.030573047226603638	798	1.0	10.15419706387261
280	ri	265	-1	135.60700151489536	0.33450340325680544	265	1.0	11.728393133724696
281	round	207	-1	290.29599625375147	0.6299013114597377	192	1.0	12.207398459013241
282	rè	479	-1	17.5072405512341	1.528006394030157	479	1.0	10.880992259006726
283	rí	810	-1	61.89956126642213	3.3106823473800846	810	1.0	10.097682810915774
284	rẹ	668	-1	14.090532828787996	2.5363796587118848	668	1.0	10.39046456014362
285	se	1434	-1	373.5207070217016	0.03300939353595754	1434	1.0	9.292060856082625
286	second	102	-1	563.5059514118549	0.46897920958088857	104	1.0	13.071935041718122
287	si	2401	-1	338.4983230022943	0.045022712684610444	2401	1.0	8.564439560678794
288	sinimá	158	-1	-221.19988746230064	0.8370111466774458	158	1.0	12.477927401393957
289	sin	103	-1	278.12068784574996	1.1386491774572332	103	1.0	13.085609978615198
290	so	683	-1	434.98578486616753	0.20052295340954018	683	1.0	10.373590741579223
291	social	137	-1	315.3238073242434	0.13271243995935894	137	1.0	12.691331039503151
292	sq	117	-1	-582.6090704417365	0.09001479286732328	117	1.0	12.905037732973376
293	state	334	-1	459.19465191364856	0.6900364958454628	148	1.0	12.571036805785441
294	sì	2097	-1	265.20242131518603	0.00430284674827508	2097	1.0	8.735786415895811
295	sìn	108	-1	45.247028534210536	5.744613804199077	108	1.0	13.031671171504396
296	sí	3573	-1	335.8791477031509	0.010486346591566326	3573	1.0	7.973704281481114
297	síwájú	112	-1	-157.49683885254316	6.3207188078335355	112	1.0	12.979676533866133
298	sínú	159	-1	95.43424398712071	6.862630415262666	159	1.0	12.416151203807267
299	sọ	811	-1	107.51167650805199	2.8712100124241537	811	1.0	10.094223108919907
300	tan	101	-1	228.8264732072581	1.645081878151044	101	1.0	13.127430154309826
301	ta	169	-1	369.8325740646716	0.2648596048848318	169	1.0	12.365227268644595
302	tabi	407	-1	106.1200789593319	3.87659037552536	407	1.0	11.113354969098102
303	te	130	-1	204.9671381525759	1.2511476774628345	130	1.0	12.766432494743869
304	the	3153	-1	666.4693495072439	0.011605855913163184	6218	1.0	7.188830698973969
305	this	151	-1	628.4420704776431	3.0096527912267823	164	1.0	12.433533282035505
306	their	181	-1	666.8808767871556	0.8432798145225694	181	1.0	12.292060856082626
307	than	116	-1	671.39377208928	0.5137964118922386	116	1.0	12.929490776697918
308	that	415	-1	755.3815311146816	0.33038186922428164	415	1.0	11.082179073214926
309	ti	9922	-1	360.77215004595513	0.0029959158284302485	9922	1.0	6.504660540400665
310	time	151	-1	658.1654793331608	0.7723895468138504	151	1.0	12.54246765358867
311	to	4763	-1	683.5262211698592	0.013398493838534616	4763	1.0	7.5710368057854405
312	tun	382	-1	214.090959874542	0.07682700933984857	382	1.0	11.199942654094192
313	tuntun	230	-1	25.68854318749259	0.40723391851491253	230	1.0	11.72303989923049
314	two	121	-1	667.9213691128085	1.3703974093472169	121	1.0	12.857340990942081
315	tàbí	967	-1	-54.877884525229085	0.491425326411856	967	1.0	9.785835025966387
316	tán	146	-1	176.8467311045219	0.06165955765874521	146	1.0	12.54246765358867
317	tì	126	-1	160.1803991424002	3.5814762635836526	126	1.0	12.799855496281321
318	tí	986	-1	393.5911147579473	0.004103446736939258	10845	1.0	6.362493534836895
319	títí	231	-1	59.45797649056254	0.6640355945665599	231	1.0	11.87504299267554
320	tó	2711	-1	244.91799062010298	0.0030218832660158877	2711	1.0	8.382530378601402
321	tún	1053	-1	110.65268907838733	1.8640268586880235	1053	1.0	9.719037968672993
322	un	296	-1	332.4315800611031	0.6991895355561094	296	1.0	11.411838210936185
323	up	159	-1	649.3025549889837	0.06941795797832603	159	1.0	12.460005493396695
324	used	122	-1	582.5071812264665	2.780655638849149	122	1.0	12.857340990942081
325	very	107	-1	587.2195018206131	0.7610960831413063	107	1.0	13.044967994117853
326	wa	1402	-1	330.4996055116431	0.005973747173057142	1402	1.0	9.331231453363303
327	was	805	-1	672.8204236335874	0.8543251399159061	805	1.0	10.130970512015073
328	were	211	-1	636.9269077689728	1.0413873154334548	211	1.0	12.044967994117853
329	which	215	-1	712.8359143252538	0.4593972331389438	215	1.0	12.03830426383684
330	when	105	-1	599.3434857959722	0.9618582550258864	105	1.0	13.044967994117853
331	with	980	-1	619.516974574617	0.05674341769774067	980	1.0	9.861746170062082
332	wipe	140	-1	-44.2645347561503	4.077622576270785	140	1.0	12.660304143882529
333	won	149	-1	317.41560469775135	0.13690939271937513	1580	1.0	9.160514787629088
334	work	102	-1	594.9918448635163	1.2957020994348853	102	1.0	13.09941577814023
335	wo	273	-1	267.87316146973455	0.4616048948552746	273	1.0	11.670572479336354
336	wà	1548	-1	87.85235397961564	0.4556647222862129	1548	1.0	9.177803676824945
337	wáyé	244	-1	-48.693429550566485	4.498734887506141	244	1.0	11.857340990942081
338	wá	936	-1	109.75642146135577	1.9898399114767966	936	1.0	9.883976117445547
339	wí	339	-1	68.7580652185434	2.9499663378285095	339	1.0	11.365227268644597
340	wípé	364	-1	-117.60269774535344	0.5806539149438082	364	1.0	11.252961036393685
341	wò	122	-1	115.4820157195573	7.247523128009234	122	1.0	12.788628240858067
342	wón	261	-1	9.055485781485705	0.16235740742829097	840	1.0	10.068536465256257
343	wọn	355	-1	13.425536441390838	0.5265975009888407	2418	1.0	8.53541289605472
344	wọ	153	-1	49.57586030751252	6.065363014445586	153	1.0	12.505234747389695
345	ya	104	-1	314.1135277957416	0.2922554739768832	104	1.0	13.071935041718122
346	yan	128	-1	53.605237502758655	6.802111852914095	128	1.0	12.788628240858067
347	yi	458	-1	231.0271774956657	0.08150421435733511	458	1.0	10.944987113021083
348	yii	165	-1	64.94839469917514	4.8664734002315635	165	1.0	12.407538073502561
349	your	101	-1	525.1921103563898	0.589488940036828	101	1.0	13.127430154309826
350	yoo	111	-1	-39.20749879454462	3.610950997283867	111	1.0	12.992500574223717
351	you	128	-1	576.0298584491508	0.3957184887258336	128	1.0	12.788628240858067
352	yìí	2280	-1	36.234670105642955	0.05696421282548711	2280	1.0	8.627427987635839
353	yí	665	-1	105.84923477903811	1.7256129446782564	665	1.0	10.375689207463221
354	yóò	524	-1	-124.58917441009842	1.3615873661034434	524	1.0	10.71770645492745
355	yẹ	110	-1	6.442088854575183	4.62817834073847	110	1.0	12.979676533866133
356	yọ	115	-1	53.688978723561064	10.484590256732442	115	1.0	12.917212446919478
357	àdúgbò	288	-1	52.1032024107678	1.3660804512541604	467	1.0	10.929490776697916
358	àgbà	188	-1	-33.89319858978228	3.443391433421602	188	1.0	12.207398459013241
359	àgbéléwò	160	-1	-305.3646429010802	6.506694832444191	160	1.0	12.468938618166705
360	àgbáyé	206	-1	-236.63818980155284	3.542331085621732	206	1.0	12.078756307574135
361	àjẹsára	306	-1	-279.1356757594448	2.3570480163580454	306	1.0	11.519084726150718
362	àjọ	113	-1	-113.61440746070696	5.516956968645079	113	1.0	12.929490776697918
363	àkókò	118	-1	-69.54270146047516	6.4173532906225175	118	1.0	12.892964900672803
364	àkóràn	111	-1	-161.68261241481056	5.386384916735125	111	1.0	12.992500574223717
365	àmì	191	-1	-52.14970721003316	2.806542469568902	191	1.0	12.214892995560167
366	àpẹẹrẹ	120	-1	-61.23419948334146	6.937861319382986	120	1.0	12.822575572781405
367	àrùn	924	-1	-55.87290489685372	0.8649595072533274	924	1.0	9.926411383765943
368	àsìkò	146	-1	-241.65282604764107	5.878720469670753	146	1.0	12.600183151444957
369	àti	3800	-1	172.51105083799774	0.0032663839816182427	3800	1.0	7.8795026408662405
370	àwon	367	-1	33.00151954697114	0.08328742226498563	908	1.0	9.96854825247927
371	àwọn	3263	-1	252.78074299794187	0.0003145377941230193	5714	1.0	7.299013616724391
372	àwùjọ	130	-1	-278.2502112081917	6.883869611299955	130	1.0	12.744573060780132
373	àìsàn	294	-1	-94.72500733115501	4.261403213552877	294	1.0	11.580686975819159
374	àṣà	132	-1	-175.45121440838406	3.2819334900740422	132	1.0	12.71239265503098
375	án	134	-1	238.00421541351804	0.3933818941282581	134	1.0	12.561450756956242
376	èdè	155	-1	144.35574892008637	1.0747236098462396	1256	1.0	9.476800735939674
377	èlò	133	-1	-1.9947270449131385	1.6794746034127428	133	1.0	12.733766305823549
378	ènìyàn	1304	-1	-163.32106609840713	1.161441824273235	1304	1.0	9.425902840911128
379	èrò	101	-1	69.35406984311268	1.3223575194283288	101	1.0	13.058388509880174
380	ètò	483	-1	22.949638608275098	0.26826938901166	483	1.0	10.86321755727875
381	èyí	339	-1	32.403844518149356	1.3132615532063034	781	1.0	10.145219467753353
382	ìdí	170	-1	42.153766205821746	0.19873546675366702	244	1.0	11.845659185894444
383	ìdílé	131	-1	-121.49095715214011	5.714443214067066	131	1.0	12.72303989923049
384	ìgbà	566	-1	-47.492406058034604	1.1789834929544598	566	1.0	10.627427987635839
385	ìjọba	180	-1	-118.88454085509471	3.9459439486014745	357	1.0	11.284155657997278
386	ìlú	302	-1	45.68746438116963	0.40546845343912613	1449	1.0	9.27923681572504
387	ìlànà	138	-1	-213.83387692607198	7.931892858035322	138	1.0	12.680914423557812
388	ìlera	171	-1	-222.03134206514082	2.1718279951148562	171	1.0	12.348644384448992
389	ìròyìn	174	-1	-192.41935248088754	6.93875230865917	174	1.0	12.332249946198324
390	ìtàn	207	-1	-48.733183823932755	2.3997148161452118	327	1.0	11.416151203807269
391	ìwà	159	-1	-171.5970388254207	5.366276264190674	159	1.0	12.468938618166705
392	ìwé	625	-1	49.888849197920365	0.4169617113947868	625	1.0	10.47567494966258
393	ìyá	168	-1	-95.72800076634347	3.0326713025569916	168	1.0	12.398976059999136
394	ìyàwó	182	-1	-233.21333610618632	7.1548988033127	182	1.0	12.245266644603683
395	òbí	101	-1	-99.66575335737626	4.798591110965993	101	1.0	13.113354969098104
396	òfin	207	-1	-35.47495685149567	0.6767111820515227	207	1.0	12.078756307574135
397	òkè	162	-1	8.741632458412141	5.133442665458819	218	1.0	12.01195293688989
398	òní	148	-1	-145.83414320472062	1.5065851171274443	148	1.0	12.514453277419072
399	òrò	149	-1	-35.60611965187326	2.9994845398320447	149	1.0	12.551927982837736
400	òrìṣà	154	-1	-200.83209900516874	7.51267535965164	154	1.0	12.424816064934397
401	òun	213	-1	60.366444692801146	3.2863459359197056	340	1.0	11.33633112301014
402	òṣèré	143	-1	-166.0021830451219	6.396891193790036	143	1.0	12.629930494839009
403	òṣèlú	123	-1	-162.77577068629623	6.914136301211225	123	1.0	12.845659185894446
404	ún	319	-1	161.46163839013124	0.14511518172232207	319	1.0	11.36940294461579
405	ńlá	175	-1	-81.78567088273779	0.5937364377507142	175	1.0	12.332249946198324
406	ṣe	2781	-1	-26.208779347497934	0.11714799115260148	2781	1.0	8.335309745947383
407	ṣíṣe	114	-1	-236.02507259964247	8.813084878419575	114	1.0	12.905037732973376
408	ẹbí	118	-1	62.90028748884223	5.283796815548913	118	1.0	12.892964900672803
409	ẹkọ	119	-1	-107.05432270583711	7.033569323916395	119	1.0	12.892964900672803
410	ẹni	522	-1	-28.27373775965802	0.6209966799108689	522	1.0	10.720370712454505
411	ẹranko	104	-1	-234.91842080248404	2.7597162230656695	104	1.0	13.071935041718122
412	ọba	239	-1	42.27776736340618	2.423643740533042	274	1.0	11.691331039503151
413	ọdún	384	-1	142.179554984105	1.0181570366089265	1941	1.0	8.867640744312936
414	ọdun	300	-1	36.92045518360374	0.035279393458234456	300	1.0	11.566235819521618
415	ọjọ	111	-1	-30.904545548031905	7.2393049205745665	111	1.0	12.966965482116578
416	ọkọ	119	-1	-94.5439438045665	7.4030044379354525	119	1.0	12.834071211619234
417	ọmọ	223	-1	57.36350090134409	2.6249419662687514	1260	1.0	9.46781894791967
418	ọna	119	-1	-175.01292461539762	2.1606822942986206	119	1.0	12.892964900672803
419	ọrọ	104	-1	-126.64403691202315	5.899640876513261	104	1.0	13.085609978615198
